metric,value
Violations,108
Rate,0.0314044780459436
LRuc_p,0.0206141468267412
LRind_p,0.00112723233247514
LRcc_p,0.000341369505069133
